{"cameraMode":{"drawMode":0,"name":"Shaded","section":"Shading Mode"},"sceneLighting":false,"audioPlay":false,"sceneViewState":{"m_AlwaysRefresh":false,"showFog":true,"showSkybox":false,"showFlares":true,"showImageEffects":true,"showParticleSystems":true,"showVisualEffectGraphs":true,"m_FxEnabled":true},"in2DMode":false,"pivot":{"x":-0.08120477199554444,"y":0.1125020831823349,"z":0.13010555505752564},"rotation":{"x":-0.04427553340792656,"y":0.6777908205986023,"z":-0.04089514538645744,"w":-0.7328076362609863},"size":0.3113862872123718,"orthographic":false}