{"cameraMode":{"drawMode":0,"name":"Shaded","section":"Shading Mode"},"sceneLighting":true,"audioPlay":false,"sceneViewState":{"m_AlwaysRefresh":false,"showFog":true,"showSkybox":false,"showFlares":true,"showImageEffects":true,"showParticleSystems":true,"showVisualEffectGraphs":true,"m_FxEnabled":true},"in2DMode":false,"pivot":{"x":2.5932278633117677,"y":1.4670000076293946,"z":1.2820959091186524},"rotation":{"x":0.005929775536060333,"y":-0.9868823885917664,"z":0.03733255714178085,"w":0.1570260226726532},"size":7.274612903594971,"orthographic":false}