{"cameraMode":{"drawMode":0,"name":"Shaded","section":"Shading Mode"},"sceneLighting":false,"audioPlay":false,"sceneViewState":{"m_AlwaysRefresh":false,"showFog":true,"showSkybox":false,"showFlares":true,"showImageEffects":true,"showParticleSystems":true,"showVisualEffectGraphs":true,"m_FxEnabled":true},"in2DMode":false,"pivot":{"x":-0.9208776950836182,"y":0.6495451927185059,"z":0.9720749855041504},"rotation":{"x":-0.2405344843864441,"y":-0.18983422219753266,"z":0.04803825542330742,"w":-0.9507029056549072},"size":3.2660253047943117,"orthographic":false}